cell id, neuron length (m), surface area (m^2), axial resistance (Ohm), membrane capacitance (F), membrane resistance (Ohm)
ADAL,8.27711153393e-05,1.25715381581e-10,836232056.995,1.25809827828e-12,2.71239983358e+14
ADAR,8.27094523003e-05,1.2564352083e-10,861583248.817,1.25023931311e-12,2.45683483678e+14
ADEL,0.000182822251798,2.56180439166e-10,2356868146.85,2.66113969601e-12,1.74773316325e+14
ADER,0.000177538913755,2.42581558917e-10,2351376498.93,2.49220385513e-12,1.93401675361e+14
ADFL,0.000154956013582,2.69688853657e-10,1164851741.11,2.74765182238e-12,1.15434259727e+14
ADFR,0.000154904094621,2.6631377632e-10,1215760401.53,2.70135547455e-12,1.17902891587e+14
ADLL,0.000219026979926,3.71027314068e-10,1960658442.14,3.70863491951e-12,1.83336881322e+14
ADLR,0.000219017564391,3.82648107957e-10,1721410945.58,3.93146282139e-12,1.7163072469e+14
AFDL,0.000154311467864,2.65376160032e-10,1188381947.35,2.68684215521e-12,1.19308263482e+14
AFDR,0.000154263947235,2.63344591512e-10,1236654358.98,2.67211853771e-12,1.25521989385e+14
AIAL,3.14121613139e-05,4.84168688687e-11,309149385.014,4.83197234013e-13,2.52724826064e+14
AIAR,3.13557842975e-05,4.72283114429e-11,344669870.512,4.71425633414e-13,2.5436663487e+14
AIBL,7.67058531387e-05,1.13058935102e-10,868625650.742,1.12003671699e-12,2.3767040251e+14
AIBR,7.67106670722e-05,1.1107898372e-10,903429075.245,1.09956085399e-12,2.32175843752e+14
AIML,4.69372399112e-05,5.78437129544e-11,819975218.69,5.6823533525e-13,1.92764016173e+14
AIMR,4.68907515129e-05,5.56685584177e-11,957476413.626,5.38892616324e-13,1.89100417688e+14
AINL,8.38488608131e-05,1.25052847418e-10,900131236.199,1.23593157561e-12,4.15116574254e+13
AINR,8.38822499926e-05,1.24433666738e-10,907735721.721,1.22516259906e-12,4.11749813406e+13
AIYL,4.68418094362e-05,6.59446983521e-11,544433749.947,6.5931099662e-13,1.21675558694e+14
AIYR,4.6788021775e-05,6.45249623785e-11,584905955.661,6.45172798201e-13,1.30104388635e+14
AIZL,5.35924187362e-05,7.36489258448e-11,667560322.066,7.39275039692e-13,1.76322933657e+14
AIZR,5.36056693322e-05,7.49541310552e-11,656045666.245,7.48586058236e-13,1.7902614274e+14
ALA,0.000731312092998,1.58609957443e-09,3563225158.21,1.58076223186e-11,7.99523448273e+13
ALML,0.000816178521096,2.00452588691e-09,3146673951.58,2.0832125038e-11,7.01835901921e+13
ALMR,0.000814202257144,1.97409509829e-09,3196935360.31,2.02692675527e-11,6.96510247159e+13
ALNL,0.0014655720373,1.6758485414e-09,22330096669.5,1.82492428087e-11,3.62731676176e+14
ALNR,0.00146594782118,1.53551721858e-09,28188977854.0,1.68171107022e-11,4.28096575917e+14
AQR,0.000194177753092,3.67570373345e-10,2134850760.19,2.8293973803e-12,2.10012704952e+14
AS01,0.000247248816247,4.78613169794e-10,1435951619.67,4.92505277689e-12,3.95702421836e+13
AS01,0.000299473584833,5.44388768821e-10,2107414108.48,5.38892929567e-12,4.53125183728e+13
AS01,0.000248840802156,4.68052088558e-10,1526377507.2,4.87045839726e-12,5.14032233578e+13
AS02,0.000224699453326,4.65165013204e-10,1129054458.01,5.01871846403e-12,3.55174833476e+13
AS03,0.000274023481042,4.94075648876e-10,2095712098.63,4.84407689761e-12,4.86384822348e+13
AS04,0.000323286882167,6.51722949143e-10,1727247995.93,6.7845102026e-12,3.80751216128e+13
AS05,0.00033316724073,7.0016086681e-10,1805020280.18,7.05960607803e-12,3.93389333999e+13
AS06,0.000300556525719,6.63242975554e-10,1415068037.2,7.09989648068e-12,3.55175163674e+13
AS07,0.000376671670642,6.8420648572e-10,2829674091.41,6.70375809703e-12,4.66158943749e+13
AS08,0.000457301481637,8.33311108257e-10,3430705306.86,8.16084704279e-12,5.19480351155e+13
AS09,0.000338433868453,6.91739297398e-10,1758290249.21,7.35542202287e-12,4.02869382781e+13
ASEL,0.000175982190956,2.85640859992e-10,1581924745.74,2.89153365511e-12,1.71241578913e+14
ASER,0.000175961667891,2.81321446067e-10,1640690475.78,2.84532466152e-12,1.73720757323e+14
ASGL,0.000218068932059,3.81493924552e-10,1636311963.49,3.8396950552e-12,1.11906369965e+14
ASGR,0.000218069095247,3.79931560605e-10,1669654011.48,3.82776526058e-12,1.14297387513e+14
ASHL,0.000158384275212,2.65813238375e-10,1306400597.96,2.66922542587e-12,1.4565486156e+14
ASHR,0.000158321971169,2.64862382314e-10,1314169784.13,2.68158579043e-12,1.5193762233e+14
ASIL,0.000162939590529,2.71916686088e-10,1372784948.9,2.72514626034e-12,1.52350862929e+14
ASIR,0.0001628986258,2.71215184626e-10,1382467039.76,2.73164752432e-12,1.50716514768e+14
ASJL,0.000163509340295,2.79769546277e-10,1275083625.97,2.82466855162e-12,1.37157904139e+14
ASJR,0.000232049833619,4.23273181243e-10,1573339877.24,4.42165045299e-12,1.39502598219e+14
ASKL,0.000155044800731,2.62670933208e-10,1232483357.05,2.65334583822e-12,1.22077792905e+14
ASKR,0.000155028917926,2.61328449638e-10,1270381413.3,2.63676588294e-12,1.23222630545e+14
AUAL,0.000122387497244,1.58586186177e-10,1665546470.93,1.62962050493e-12,5.25598389312e+14
AUAR,0.000122387135589,1.57632878074e-10,1693714070.75,1.61560522532e-12,5.28656792478e+14
AVAL,0.00146573019582,2.21650175342e-09,14855772958.9,2.21431718943e-11,9.57389356201e+13
AVAR,0.00146587367561,2.20290894544e-09,15137041675.4,2.19260107013e-11,9.6972511455e+13
AVBL,0.00150703731932,2.28415220632e-09,15055172706.7,2.29482354772e-11,1.15887076146e+14
AVBR,0.00150715323357,2.23236603935e-09,16391651219.4,2.19062320411e-11,1.15429698302e+14
AVDL,0.00147227053308,2.42687029828e-09,12208881748.4,2.62988204958e-11,8.84072729979e+13
AVDR,0.00147227873558,2.42630563701e-09,12182848555.3,2.63090174875e-11,8.79956371423e+13
AVEL,0.000381558428377,5.34319370898e-10,4506443974.46,5.33806042092e-12,3.81082039011e+14
AVER,0.000381453281186,5.36982107603e-10,4441329005.44,5.36115379588e-12,3.0247980067e+14
AVFL,0.00144480971098,2.55025352785e-09,10954582400.5,2.91473794431e-11,1.46134742198e+14
AVFR,0.00144495288567,2.54923894936e-09,11030793227.9,2.91320036146e-11,1.54298520488e+14
AVG,0.000767854199349,1.08596034896e-09,9216431454.98,1.07420751992e-11,1.04035981651e+14
AVHL,0.000778041800149,1.111570483e-09,8763243114.43,1.11366419719e-11,1.93684873172e+14
AVHR,0.000777760569296,1.110857245e-09,8798223962.24,1.11095100225e-11,1.99758427948e+14
AVJL,0.000777651120204,1.12291703301e-09,8664864165.3,1.12131519616e-11,1.27889125528e+14
AVJR,0.000778228208582,1.11282858718e-09,8768664215.51,1.11348507945e-11,1.26259840658e+14
AVKL,0.00148424699304,2.25693449885e-09,14682010695.6,2.28541850242e-11,1.28487021765e+14
AVKR,0.00150547997666,2.18243951635e-09,17880729588.0,2.10901158425e-11,1.23822314796e+14
AVL,0.000792647423809,1.12610112351e-09,9131957184.29,1.12818919906e-11,3.76959854514e+14
AVM,0.000366877608194,5.77088029083e-10,3949072503.6,5.71214896488e-12,3.30712655462e+14
AWAL,0.000157724091931,2.69815752613e-10,1236082220.09,2.71664970556e-12,1.34758971129e+14
AWAR,0.000157679328314,2.67797678966e-10,1273985488.52,2.69897459805e-12,1.39586062598e+14
AWBL,0.000157688864497,2.60206788396e-10,1329392807.61,2.64025037066e-12,1.51827872181e+14
AWBR,0.000157640997431,2.57395158119e-10,1443732106.53,2.57441264096e-12,1.47943797602e+14
AWCL,0.000164393731757,2.6444088042e-10,1471171520.23,2.699845421e-12,1.375185008e+14
AWCR,0.000164471450234,2.63129851582e-10,1505625495.24,2.69199509203e-12,1.36954237276e+14
BAGL,0.000184699320919,3.34026321535e-10,1322451425.87,3.48658698673e-12,1.12150876401e+14
BAGR,0.000184678527982,3.24892364028e-10,1402379578.74,3.32220618089e-12,1.10869363559e+14
BDUL,0.000132751848978,2.84033445873e-10,651343796.529,2.86317712332e-12,1.75536275168e+14
BDUR,0.000132756736452,2.87459618225e-10,646709400.197,2.8768819982e-12,1.75068724415e+14
CANL,0.00105832929981,4.04493903659e-09,1589974122.95,4.28322614531e-11,6.86974785555e+13
CANR,0.00106091084691,4.06143722055e-09,1590779941.28,4.29586542263e-11,6.6169909699e+13
CEPDL,0.000175698707193,3.04073057084e-10,1853769481.35,2.84791919615e-12,3.44204729912e+14
CEPDR,0.000175684497921,3.09029081606e-10,1676312995.53,2.94811068078e-12,3.31039916353e+14
CEPVL,0.000180310950663,2.42356576845e-10,2359597655.49,2.407802148e-12,2.2829117192e+14
CEPVR,0.000180297744888,2.2707285596e-10,2707562656.43,2.26955529964e-12,2.38088392985e+14
DA01,0.000271142266435,5.15864055729e-10,1713623956.73,5.20285825878e-12,5.51351968588e+13
DA02,0.000379978605509,6.85930474258e-10,2565173496.07,7.07517556103e-12,6.95587967612e+13
DA03,0.000562969806874,1.05535452896e-09,3884526209.39,1.07301527464e-11,4.18846623562e+13
DA04,0.000734809828161,1.30580242204e-09,5631113113.28,1.3098440375e-11,5.02645424173e+13
DA05,0.000906478878048,1.77350503531e-09,5779118483.19,1.93042988002e-11,5.69861924653e+13
DA06,0.00107244375198,2.06131757538e-09,6941832206.92,2.26292369209e-11,1.00745081845e+14
DA07,0.00102425244977,2.03051881633e-09,6244509972.58,2.26887327599e-11,6.44334750777e+13
DA08,0.000363828890426,6.09677395628e-10,3924993582.21,5.7362856024e-12,1.83627389404e+14
DA09,0.000363828837705,6.21236224447e-10,3611643034.45,5.95075248172e-12,1.85552744164e+14
DB01,0.00147162686106,2.8273842843e-09,9850777086.03,3.05085756202e-11,1.70763093139e+14
DB02,0.0014231354776,2.50419134935e-09,10804517258.3,2.47789717788e-11,9.49664647113e+13
DB03,0.00129510008089,2.44563709937e-09,7934242680.19,2.55592671926e-11,6.5730933188e+13
DB04,0.00125553572301,2.52209680368e-09,7609997315.86,2.76102726045e-11,7.48050065062e+13
DB05,0.00104058626441,1.91497496193e-09,7466926610.84,1.98604133109e-11,5.95759382489e+13
DB06,0.00059431593362,1.0866080583e-09,4166739277.9,1.10694145822e-11,6.29022680921e+13
DB07,0.000386820750181,7.41347584869e-10,2514516291.65,7.89854695233e-12,4.78122537161e+13
DD01,0.000319382578402,5.82217533582e-10,2184019640.78,6.01460910091e-12,7.02925232999e+13
DD02,0.000429639863239,7.79713748541e-10,3259614948.03,7.93766005888e-12,1.09806340319e+14
DD03,0.000672143509273,1.12052851542e-09,5680745697.28,1.12944387942e-11,1.03293217128e+14
DD04,0.000915739747471,1.51918947769e-09,8674806369.77,1.4988377197e-11,1.20261987765e+14
DD05,0.000625443809843,1.08125972273e-09,5602568058.9,1.07737733889e-11,1.17847096757e+14
DD06,0.000668177902787,1.17547151215e-09,5224927392.68,1.19478797835e-11,1.30801900496e+14
DVA,0.000785875841336,1.16905408463e-09,8079543772.71,1.16884937875e-11,2.27398898562e+14
DVB,0.000315896547734,4.51238153363e-10,3577977133.58,4.49831336492e-12,1.3362857876e+14
DVC,0.000782599735748,1.17082365942e-09,7980621570.86,1.16937833512e-11,1.53639288367e+14
FLPL,0.000277854634529,4.28192491737e-10,2752219245.52,4.35676279373e-12,2.5457641917e+14
FLPR,0.000277860362532,4.19411139438e-10,2919147677.41,4.2434713254e-12,2.5809285146e+14
HSNL,0.000453412409339,6.59041048838e-10,5120292930.03,6.55334446691e-12,1.45947123085e+14
HSNR,0.000454975003115,6.62176318677e-10,5061711710.78,6.60952868777e-12,1.45151699172e+14
I01L,9.9187782161e-05,1.30373288359e-10,1326320753.02,1.33317830994e-12,6.06820524864e+14
I01R,9.91994998335e-05,1.30659012731e-10,1322682174.93,1.31310891695e-12,6.32679830597e+14
I02L,9.59652114519e-05,1.4209606123e-10,1108957824.76,1.45786361608e-12,7.35178534437e+14
I02R,9.60142625731e-05,1.33971451234e-10,1437492401.83,1.36055692233e-12,7.57360241351e+14
I03,0.000112092353498,1.49284388099e-10,1410752765.22,1.5036233345e-12,1.29001133915e+14
I04,0.000142890663868,2.49230418997e-10,1105583431.38,2.47949634598e-12,3.56088888673e+14
I05,0.000311535506481,5.91160625605e-10,2234617077.0,5.83637539866e-12,6.79552761524e+14
I06,8.49011975955e-05,1.46729758786e-10,767506173.289,1.4818685066e-12,1.69561388147e+14
IL01DL,0.000165195023142,2.86011080717e-10,1437003763.46,2.72997948698e-12,1.0961923e+14
IL01DR,0.000152492788544,2.76158691279e-10,1188860302.67,2.66576375274e-12,1.08071536785e+14
IL01L,0.000183746345172,2.95032425004e-10,2011210600.74,2.75916138086e-12,1.59924469542e+14
IL01R,0.000183732338784,2.9861722957e-10,1861571978.66,2.82757368121e-12,1.59778202097e+14
IL01VL,0.00015589560506,2.12208501383e-10,1910613696.08,2.12918860377e-12,1.68091360195e+14
IL01VR,0.000155873271845,2.02102335745e-10,1993194685.79,2.09792036921e-12,1.77610129005e+14
IL02DL,0.000100364297671,2.02452612601e-10,603294107.197,2.08532164825e-12,1.22260453675e+14
IL02DR,0.000100330970124,1.98314235198e-10,637961477.618,2.03076441222e-12,1.22537510452e+14
IL02L,0.000147956732637,2.74634977551e-10,958531026.473,2.87777869469e-12,9.27946938357e+13
IL02R,0.000147977489813,2.6628117795e-10,1075611233.49,2.71904919943e-12,9.17161560496e+13
IL02VL,0.000150621768521,2.20860449171e-10,1527361406.29,2.32473825969e-12,7.71871505998e+13
IL02VR,0.000150584856131,2.10518199475e-10,1655652215.47,2.27739487004e-12,8.02850737621e+13
LUAL,6.35803195001e-05,8.15483298899e-11,1158870187.92,8.02344786906e-13,2.31781418801e+14
LUAR,6.33634208619e-05,7.97491815542e-11,1088320607.79,7.97127524502e-13,3.27161561422e+14
M01,9.71510734264e-05,2.49416007174e-10,411831371.324,2.67685970052e-12,2.82595611449e+14
M02L,5.80341037415e-05,1.48934875406e-10,206889089.414,1.46366126892e-12,1.6728482769e+14
M02R,5.80333430047e-05,1.46729352585e-10,216135109.44,1.43897325217e-12,1.65872762378e+14
M03L,4.98302756409e-05,7.71707388456e-11,563782506.481,8.05350415177e-13,6.14055727002e+14
M03R,4.9855076336e-05,7.94672393401e-11,512314106.943,8.39704804524e-13,6.49248242417e+14
M04,0.0001860584166,3.53864140453e-10,1145578531.2,3.62759614355e-12,2.743437172e+14
M05,0.000124772374818,2.19652551894e-10,925582895.2,2.18960520028e-12,2.94099595657e+14
MCL,7.83421141537e-05,1.41220578417e-10,584055096.688,1.44816985778e-12,2.94930029719e+14
MCR,7.832697078e-05,1.38852454648e-10,632906786.17,1.43408866667e-12,3.0614799688e+14
MI,3.0672918594e-05,7.60108578575e-11,121472374.655,7.49328884944e-13,2.19364405862e+14
NSML,0.000103322828003,1.63852888944e-10,949592847.963,1.6380274817e-12,3.27942907203e+14
NSMR,0.00010330470403,1.42018036846e-10,1251573913.6,1.42054768428e-12,3.69480171753e+14
OLLL,0.000204897881065,3.30798582887e-10,2134892018.66,3.14852422551e-12,2.2725729108e+14
OLLR,0.000204850435299,3.27725748817e-10,2262968184.79,3.10126265218e-12,2.33639349763e+14
OLQDL,0.00017068070109,2.94433845503e-10,1766627551.94,2.75474419749e-12,2.82805437571e+14
OLQDR,0.000170743942086,2.90649348602e-10,1812206362.69,2.7242544804e-12,3.26244279593e+14
OLQVL,0.000153921034173,1.92329694655e-10,2453676029.21,1.8664065069e-12,1.32223740166e+14
OLQVR,0.000153964523571,1.89908146529e-10,2207361247.54,1.97420235942e-12,1.35859744757e+14
PDA,0.000187192492767,3.17495808292e-10,1723617130.29,3.19270078963e-12,2.96605386214e+14
PDB,0.000279271472631,4.74363731073e-10,2497911032.78,4.75222199181e-12,2.8528235427e+14
PDEL,0.000953889771772,1.40809390139e-09,9987072571.26,1.42767476549e-11,1.59156335593e+14
PDER,0.00111052644756,1.6186729273e-09,11483801775.2,1.6626041674e-11,1.56841869675e+14
PHAL,0.000145439966727,1.8087893818e-10,3094126416.54,1.61751175715e-12,1.95473849255e+14
PHAR,0.000145749744299,1.8877676788e-10,2722109774.11,1.69860567194e-12,1.65828345728e+14
PHBL,0.000148310389219,1.86959832577e-10,3158275807.13,1.64838529604e-12,1.86489619288e+14
PHBR,0.000148645839521,1.95985521352e-10,2472503203.69,1.81571962555e-12,1.72244219879e+14
PHCL,0.000164144741595,2.16451893321e-10,2442446028.36,2.17270395348e-12,1.36617066038e+14
PHCR,0.000164230754176,2.20556404219e-10,2128306322.87,2.22971864733e-12,1.33420576334e+14
PLML,0.000835613166985,1.3402770574e-09,7525062423.08,1.37173725224e-11,1.20457743677e+14
PLMR,0.000835518500435,1.44873299287e-09,6267882437.83,1.50466962563e-11,1.20913181931e+14
PLNL,0.00148360962027,2.54751332294e-09,12108512471.2,2.49889805144e-11,1.44361120736e+14
PLNR,0.00148249360961,2.51813321711e-09,12341882388.4,2.47923718581e-11,1.54906383846e+14
PQR,0.000124088119957,1.59225738382e-10,2103215596.66,1.57080589287e-12,1.9184636975e+14
PVCL,0.000769867366786,1.08819636396e-09,9084600882.43,1.09241881308e-11,2.27243015927e+14
PVCR,0.000769632207895,1.09067071453e-09,8959527831.23,1.09363139068e-11,3.84743606246e+14
PVDL,0.00841656462349,9.80865872615e-09,2.03669132975e+11,1.05787843911e-10,2.45002281105e+16
PVDR,0.00842790030287,9.74592310965e-09,2.04326795597e+11,1.05182011163e-10,2.44648294762e+16
PVM,0.000410040073418,6.14027791277e-10,4377143962.7,6.15827611481e-12,1.08467330283e+14
PVNL,0.00090697204373,1.28864531184e-09,10735483677.7,1.29124876941e-11,6.45965140788e+14
PVNR,0.000814193633477,1.14696086983e-09,9895727224.16,1.14735124762e-11,8.31455171186e+14
PVPL,0.000724616173629,1.0388991242e-09,8064749352.2,1.0414590997e-11,1.59201486623e+14
PVPR,0.000717289958614,1.02426679849e-09,8075600633.71,1.02538017509e-11,1.82473621525e+14
PVQL,0.000774321256206,1.1020713719e-09,9050918472.58,1.09896427902e-11,2.75249058097e+14
PVQR,0.000774425517932,1.10750370062e-09,9056522197.61,1.10618821603e-11,3.85462296019e+14
PVR,0.00152999534526,2.17452476885e-09,18128861076.5,2.14086062763e-11,2.2836665009e+14
PVT,0.000741233864396,1.0616210982e-09,8301497839.94,1.06224518068e-11,2.22666920298e+14
PVWL,6.52730237691e-05,8.782225184e-11,1210917974.62,8.13610934453e-13,3.10047965967e+14
PVWR,6.53079126925e-05,8.52638742304e-11,1098277616.13,8.18082762713e-13,1.75872310343e+14
RIAL,5.64181972693e-05,7.68480133127e-11,718731501.149,7.68577923609e-13,3.22673834552e+14
RIAR,5.64502860978e-05,7.70010546077e-11,710378423.033,7.7071658002e-13,3.57523826367e+14
RIBL,8.19819263036e-05,1.10004210919e-10,1109087679.69,1.09301129153e-12,3.75129073475e+14
RIBR,8.18359747603e-05,1.13179448777e-10,1082124572.98,1.13325153298e-12,3.1234357728e+14
RICL,0.000100437758567,1.32901612544e-10,1435976545.67,1.31108198673e-12,1.00736787045e+14
RICR,0.000100443503172,1.33286635962e-10,1436845186.1,1.31269392611e-12,9.87539716525e+13
RID,0.00147963090835,2.64305919672e-09,10793232162.9,2.63302814708e-11,1.67851592376e+14
RIFL,6.1091361731e-05,9.43749674281e-11,602265566.428,9.33956914959e-13,1.14413917915e+14
RIFR,5.36257310346e-05,7.26760183241e-11,669296574.131,7.29824710237e-13,2.18545764088e+14
RIGL,6.66443240972e-05,1.27564601946e-10,475373971.904,1.25065295274e-12,9.31281009976e+13
RIGR,5.69281615955e-05,9.99308082484e-11,497965015.282,9.69613473953e-13,1.18146157913e+14
RIH,7.5846130473e-05,9.75206185404e-11,1084487682.68,9.83479936388e-13,4.32863052972e+14
RIML,8.10489684911e-05,1.05663018935e-10,1151488192.26,1.05204595177e-12,5.61533626542e+14
RIMR,8.10750707919e-05,1.05037324197e-10,1195885879.61,1.03995344201e-12,4.78028208663e+14
RIPL,0.000192800714662,3.25521945146e-10,1680412547.65,3.31634974421e-12,2.19672296916e+14
RIPR,0.000192788437035,3.26651408262e-10,1678191971.79,3.45447992004e-12,2.16775503931e+14
RIR,7.49491977407e-05,1.00894150506e-10,1079854868.29,9.7706511736e-13,3.9722615915e+14
RIS,0.000117763838752,1.55469341836e-10,1658590589.32,1.53555643774e-12,7.1353835286e+13
RIVL,5.55788042557e-05,9.74847004643e-11,419324594.533,9.77397409788e-13,3.35527053443e+14
RIVR,5.54983312365e-05,9.93596436114e-11,405222660.127,9.88890134965e-13,2.70868955823e+14
RMDDL,3.55902123682e-05,5.00509574956e-11,436008991.472,4.9596920095e-13,2.1537641871e+14
RMDDR,3.55816608176e-05,4.94536481388e-11,450777090.758,4.86392360262e-13,1.78678113293e+14
RMDL,3.78687165983e-05,5.08297361567e-11,508789002.191,5.07175466125e-13,2.52902205001e+14
RMDR,3.78887060986e-05,5.20830711577e-11,472139027.295,5.22243405089e-13,2.51127449135e+14
RMDVL,3.92421236013e-05,5.31033869605e-11,519646226.723,5.29014243419e-13,3.01255447298e+14
RMDVR,3.92179029119e-05,5.41536448871e-11,485664527.237,5.39761449403e-13,2.99890444699e+14
RMED,0.000177601073897,3.08823143877e-10,1484279541.18,3.0195719514e-12,1.03582079975e+16
RMEL,4.61725167095e-05,6.6875720676e-11,553130840.719,6.51202655333e-13,6.11157165114e+13
RMER,4.6182217986e-05,6.57729798233e-11,574028622.603,6.4812143026e-13,6.29108749477e+13
RMEV,0.00147167511635,2.06107851051e-09,20916535048.1,1.90310258529e-11,1.95773092843e+14
RMFL,6.34515155603e-05,8.60050527902e-11,825655526.726,8.56049492241e-13,3.84057746458e+14
RMFR,6.35552272177e-05,8.77824231916e-11,777575958.526,8.77547947206e-13,2.96619080385e+14
RMGL,7.83350967795e-05,1.22181164339e-10,782913942.141,1.2009874589e-12,2.59122568184e+14
RMGR,7.83177052725e-05,1.22234164209e-10,794119479.012,1.20223731176e-12,2.00723304077e+14
RMHL,4.80557463277e-05,6.37354770479e-11,677465212.127,6.31008996023e-13,3.96478110964e+14
RMHR,4.80320733124e-05,6.40021706735e-11,649892794.438,6.35789375751e-13,3.87569173805e+14
SAADL,0.000295195460801,3.6465548936e-10,4137722137.64,3.90333931845e-12,2.01297367873e+14
SAADR,0.000295307571974,3.52747527005e-10,4973085777.04,3.65434170369e-12,2.06661666306e+14
SAAVL,0.000217275453336,2.36637836234e-10,4319889684.75,2.47392581869e-12,3.07017608449e+14
SAAVR,0.000217257655144,2.42539680257e-10,4160085756.03,2.53281042428e-12,3.03624072222e+14
SABD,0.000391167222608,6.3508866574e-10,3534902013.01,6.36473361965e-12,1.48152189797e+14
SABVL,0.000187899879332,1.99852686068e-10,3426076419.37,2.20124106222e-12,1.13230274689e+14
SABVR,0.000187899485272,2.11310867539e-10,3120422946.72,2.42021500633e-12,1.07683052244e+14
SDQL,0.00056344512878,7.76161025781e-10,7222655312.56,7.65331513956e-12,2.28477487696e+14
SDQR,0.000187178482222,2.27948666e-10,2860117074.52,2.32601907208e-12,2.91096604151e+14
SIADL,0.00146179484352,1.96303870342e-09,18898212372.7,1.98717199731e-11,1.28852754526e+14
SIADR,0.0014629676402,1.77830979412e-09,20998275594.9,1.8635141908e-11,1.34036440329e+14
SIAVL,0.000771275082708,7.51229293956e-10,20554554271.7,7.38490678386e-12,2.43792271509e+14
SIAVR,0.000770749244838,7.48094404902e-10,20273490686.8,7.40437716765e-12,2.64417079232e+14
SIBDL,0.00145582805537,2.06611758048e-09,18569537729.3,1.97894990966e-11,1.47948054248e+14
SIBDR,0.00145661115467,2.07418646131e-09,18469421225.7,1.98301338597e-11,1.47641685041e+14
SIBVL,0.00149996352607,1.63459235531e-09,27609843278.7,1.74556263882e-11,3.1410086789e+14
SIBVR,0.00149950068291,1.65517399649e-09,27767791543.1,1.80347494226e-11,3.19777903946e+14
SMBDL,0.00074921110616,1.06109740801e-09,8800177713.89,1.06947693721e-11,3.30427706249e+14
SMBDR,0.000749765903984,1.09683750562e-09,8354100431.98,1.09892694303e-11,4.78744173511e+14
SMBVL,0.000770576629642,7.92736720544e-10,17510260851.1,7.93678897231e-12,7.94844960247e+14
SMBVR,0.00076957980125,7.82094555616e-10,17960945811.1,7.82352200771e-12,7.50907799376e+14
SMDDL,0.000750237693209,1.05453121354e-09,9026048160.86,1.06466460653e-11,4.22288153188e+14
SMDDR,0.000750854421003,1.04148488809e-09,9117782389.37,1.04713627442e-11,4.27584656407e+14
SMDVL,0.00076958149335,7.71356338221e-10,18074780160.1,7.7748973323e-12,4.59909854382e+14
SMDVR,0.000770472132052,7.8390889217e-10,17994655250.2,7.82254434292e-12,3.21597629852e+14
URADL,0.000134970180147,2.16974850701e-10,1150689318.08,2.22616929568e-12,1.75719984411e+14
URADR,0.000134985035355,2.09686200495e-10,1169827261.29,2.22186250155e-12,1.8044328756e+14
URAVL,0.000144622475141,2.20516032069e-10,1332279771.62,2.30651988496e-12,7.96221438143e+13
URAVR,0.000144615699963,2.22233592543e-10,1258883299.98,2.40588849937e-12,8.24129881599e+13
URBL,0.000148740739468,3.61798510522e-10,710863585.243,3.39201951213e-12,7.31414990306e+13
URBR,0.000148778373596,3.44043860814e-10,746053518.66,3.24916029114e-12,6.51166076674e+13
URXL,0.000162820123727,1.97871707307e-10,2407310398.14,2.04918882303e-12,1.15117923683e+14
URXR,0.000162850493361,1.85848506965e-10,2526599396.02,2.02862384688e-12,1.06452018863e+14
URYDL,0.000142246354676,2.64411145375e-10,870044825.739,2.78621480409e-12,3.5330202445e+14
URYDR,0.000142254330046,2.58388395822e-10,959804357.737,2.64161511806e-12,3.4826885086e+14
URYVL,0.000140057693986,2.04972117884e-10,1548612412.11,2.16076797386e-12,3.22766698715e+14
URYVR,0.000140089703346,1.9169014344e-10,1809297062.77,2.097070718e-12,3.7038001139e+14
VA01,0.000147682155787,3.27783339096e-10,1563564936.64,2.33720359549e-12,7.33058531336e+13
VA01,0.000364292000752,5.99235756476e-10,3119401925.11,6.43047516692e-12,1.84231269356e+13
VA01,0.000157077230511,2.68159756715e-10,1222382895.85,2.84381931886e-12,1.97177526602e+13
VA01,0.000103677865002,1.85378559756e-10,739847209.873,1.84615965186e-12,1.21134350061e+14
VA02,0.000258953163546,4.28492501929e-10,2163604322.04,4.59725106524e-12,2.60542249897e+13
VA03,0.000371136821168,6.7545340815e-10,2776369050.04,7.503683743e-12,2.52706645332e+13
VA04,0.000419332657925,8.01057212013e-10,2885736130.56,9.04509353652e-12,2.08998293308e+13
VA05,0.000427234718323,7.8824038575e-10,2992311546.17,9.22265388578e-12,2.16410613868e+13
VA06,0.000387300691239,6.18809829556e-10,3608375391.81,6.49388934733e-12,3.09304919413e+13
VA07,0.000504407801861,8.07233931313e-10,4184640023.89,9.01500679203e-12,3.54441241793e+13
VA08,0.000489018081443,8.34994473157e-10,3749227597.74,9.64188497845e-12,3.1615175741e+13
VA09,0.000436000870444,7.68609412461e-10,3323027831.93,8.66781894676e-12,3.61045198459e+13
VB01,0.000620728345613,9.17657861725e-10,6705469509.8,9.02517075599e-12,3.01265181312e+14
VB01,0.000376165921844,6.45760070704e-10,2893099711.43,6.89813799586e-12,2.91734849466e+13
VB01,0.000279629413028,4.51882922333e-10,2241924503.51,4.87232269333e-12,2.92984624558e+13
VB02,0.00064783546552,8.88868605746e-10,8352153214.5,8.69700256716e-12,2.74736064091e+14
VB03,0.000626142661428,1.10770526184e-09,4542082303.82,1.33542420367e-11,3.42218365446e+13
VB04,0.000667188484975,1.17105075229e-09,5132555192.91,1.31415965794e-11,3.44273882604e+13
VB05,0.000705568098594,1.12282171698e-09,6086149399.08,1.24568990597e-11,3.33894689829e+13
VB06,0.000670007662326,1.08921683863e-09,5848744895.72,1.17404312198e-11,3.56838934041e+13
VB07,0.000665569539064,1.18051523147e-09,5250287759.67,1.35388195777e-11,3.11415853649e+13
VB08,0.000616397694885,9.3476284046e-10,5756259092.33,9.82073328092e-12,3.03550321913e+13
VB09,0.000494429769404,8.38717326983e-10,3723418092.76,9.50689888312e-12,3.52335533245e+13
VC01,0.00063022955982,9.45993842785e-10,5939018463.57,1.00977517879e-11,3.97960945243e+13
VC02,0.00054111206632,8.18294086032e-10,5106192553.24,8.79703437425e-12,5.04232416943e+13
VC03,0.000940045996105,1.41967498213e-09,9152999488.8,1.49637072732e-11,6.0588859441e+14
VC04,7.04849044201e-05,7.75606171629e-11,1491783746.62,8.0200348054e-13,6.1092975313e+14
VC05,7.09387079381e-05,8.1133526249e-11,1433002955.12,8.05046793187e-13,5.41058160035e+14
VC06,0.000221496451309,3.31279458664e-10,2121563979.9,3.49459238756e-12,2.48985763839e+13
VD01,0.000214850505486,4.00145352784e-10,1491274388.07,3.98578134419e-12,2.92875933032e+14
VD01,0.000236402231835,4.21060688005e-10,2020213340.5,4.08493941421e-12,2.51809809892e+14
VD01,0.000256730140709,4.42343416643e-10,2321155953.04,4.25376947581e-12,1.84541756212e+14
VD01,0.000246714771669,4.07403052017e-10,2328143792.45,3.92500001017e-12,2.41798247314e+14
VD01,0.000163586603836,2.52071261678e-10,1926817522.77,2.43304768626e-12,2.79001197877e+14
VD02,0.000160891273902,2.70632268686e-10,1547587047.27,2.63250550638e-12,2.72904232928e+14
VD03,0.000231436304264,4.0224854343e-10,1934588481.05,3.93572586864e-12,1.82505932021e+14
VD04,0.000256142000904,4.62863899336e-10,2106963833.14,4.47887559315e-12,1.83637261737e+14
VD05,0.000272587498646,4.82597299477e-10,2020632623.66,4.84948950767e-12,2.17831731782e+14
VD06,0.000286090657967,5.05306740303e-10,2491563790.75,4.90881097298e-12,2.47569838766e+14
VD07,0.000303576673275,5.89152044728e-10,2160020592.19,5.98124074397e-12,3.96737271664e+14
VD08,0.000378100367641,7.00841794296e-10,2728077505.12,7.24800287433e-12,2.33539461594e+14
VD09,0.00028726171278,5.21210693231e-10,2170098473.27,5.11637159737e-12,1.6797797513e+14
